feature,importance
lag_1,0.3877825744752953
rolling_mean_6,0.31265311575363025
rolling_mean_3,0.23711511517369682
WeekOfYear,0.03578120090311208
rolling_std_4,0.006316710906877751
lag_2,0.005410338426387211
lag_3,0.00322812344601134
CPI,0.0023795593581522954
Temperature,0.0022824119804062282
Unemployment,0.0020365678885886675
Holiday_Flag,0.0019005492028065698
Fuel_Price,0.0016830568410739054
Month,0.0014306756439615273
