Model,MAE,RMSE,R2
Linear Regression,59354.19623218271,102979.84931282318,0.930436702566142
Random Forest,47451.779162460305,68327.732571037,0.96937545292705
